Id,TextTopics,TopicPercentages
99_8002_2,37,0.5037867
99_8003_2,53,0.3663747
