Id,TextTopics,TopicPercentages
99_3004_5,[283],[0.8651422]
99_3004_5,[283],[0.8651422]
